Date,Total NAV,NAV,Sell NAV,Buy NAV,Change
2020-04-13,267097674.32,10.0236,10.0237,10.0236,0.0172
2020-04-14,278575614.7,10.0471,10.0472,10.0471,0.0235
2020-04-15,287803507.48,9.9758,9.9759,9.9758,-0.0713
2020-04-16,294942218.0,9.8394,9.8395,9.8394,-0.1364
2020-04-17,309875287.53,10.0225,10.0226,10.0225,0.1831
2020-04-20,319370895.59,10.1315,10.1316,10.1315,0.109
2020-04-21,323119293.89,10.1069,10.107,10.1069,-0.0246
2020-04-22,333547437.23,10.2099,10.21,10.2099,0.103
2020-04-23,342023775.8,10.279,10.2791,10.279,0.0691
2020-04-24,345406770.98,10.1846,10.1847,10.1846,-0.0944
2020-04-27,354327296.4,10.2614,10.2615,10.2614,0.0768
2020-04-28,364405877.08,10.3374,10.3375,10.3374,0.076
2020-04-29,372378217.61,10.3898,10.3899,10.3898,0.0524
2020-04-30,383872331.71,10.519,10.5191,10.519,0.1292
2020-05-05,388575788.18,10.3708,10.3709,10.3708,-0.1482
2020-05-07,397327716.94,10.2613,10.2614,10.2613,-0.1095
2020-05-08,411994323.25,10.3246,10.3247,10.3246,0.0633
2020-05-11,427312806.42,10.4647,10.4648,10.4647,0.1401
2020-05-12,437697492.97,10.5341,10.5342,10.5341,0.0694
2020-05-13,445486210.25,10.4984,10.4985,10.4984,-0.0357
2020-05-14,448009135.71,10.4051,10.4052,10.4051,-0.0933
2020-05-15,456925932.16,10.4395,10.4396,10.4395,0.0344
2020-05-18,466780528.08,10.464,10.4641,10.464,0.0245
2020-05-19,486829709.16,10.6213,10.6214,10.6213,0.1573
2020-05-20,495899585.71,10.7027,10.7028,10.7027,0.0814
2020-05-21,503010599.83,10.6887,10.6888,10.6887,-0.014
2020-05-22,505629558.66,10.6129,10.613,10.6129,-0.0758
2020-05-25,523794556.94,10.7027,10.7028,10.7027,0.0898
2020-05-26,537413165.51,10.8035,10.8036,10.8035,0.1008
2020-05-27,547273110.24,10.8965,10.8966,10.8965,0.093
2020-05-28,550299103.29,10.8243,10.8244,10.8243,-0.0722
2020-05-29,558886372.37,10.8809,10.881,10.8809,0.0566
2020-06-01,572444890.94,10.9884,10.9885,10.9884,0.1075
2020-06-02,586896713.92,11.1116,11.1117,11.1116,0.1232
2020-06-04,605147454.84,11.3108,11.3109,11.3108,0.1992
2020-06-05,620382467.05,11.4477,11.4478,11.4477,0.1369
2020-06-08,626455525.93,11.4374,11.4375,11.4374,-0.0103
2020-06-09,625007844.47,11.2325,11.2326,11.2325,-0.2049
2020-06-10,635799769.99,11.305,11.3051,11.305,0.0725
2020-06-11,636913158.15,11.1738,11.1739,11.1738,-0.1312
2020-06-12,648282702.17,11.1017,11.1018,11.1017,-0.0721
2020-06-15,662197229.41,10.8172,10.8173,10.8172,-0.2845
2020-06-16,695342264.24,10.9778,10.9779,10.9778,0.1606
2020-06-17,711051633.25,11.0508,11.0509,11.0508,0.073
2020-06-18,723473749.12,11.0417,11.0418,11.0417,-0.0091
2020-06-19,732869185.03,11.0096,11.0097,11.0096,-0.0321
2020-06-22,744141788.88,10.8725,10.8726,10.8725,-0.1371
2020-06-23,780406363.22,10.8898,10.8899,10.8898,0.0173
2020-06-24,797107268.8,10.7365,10.7366,10.7365,-0.1533
2020-06-25,833833404.14,10.7113,10.7114,10.7113,-0.0252
2020-06-26,913875566.41,10.7509,10.751,10.7509,0.0396
2020-06-29,985862193.48,10.7705,10.7706,10.7705,0.0196
2020-06-30,1119544083.94,10.8132,10.8133,10.8132,0.0427
2020-07-01,1320772634.28,10.9094,10.9095,10.9094,0.0962
2020-07-02,1342125146.51,11.079,11.0791,11.079,0.1696
2020-07-03,1339833190.35,11.062,11.0621,11.062,-0.017
2020-07-07,1337778762.29,11.0399,11.04,11.0399,-0.0221
2020-07-08,1326769645.97,10.9524,10.9525,10.9524,-0.0875
2020-07-09,1328487983.0,10.9654,10.9655,10.9654,0.013
2020-07-10,1316377927.23,10.8601,10.8602,10.8601,-0.1053
2020-07-13,1306084012.61,10.7732,10.7733,10.7732,-0.0869
2020-07-14,1304545280.06,10.7592,10.7593,10.7592,-0.014
2020-07-15,1316790317.08,10.8556,10.8557,10.8556,0.0964
2020-07-16,1309131298.21,10.7926,10.7927,10.7926,-0.063
2020-07-17,1321384455.22,10.8926,10.8927,10.8926,0.1
2020-07-20,1318015247.35,10.8623,10.8624,10.8623,-0.0303
2020-07-21,1333722885.28,10.9899,10.99,10.9899,0.1276
2020-07-22,1310031449.82,10.7964,10.7965,10.7964,-0.1935
2020-07-23,1314760745.66,10.8314,10.8315,10.8314,0.035
2020-07-24,1295494605.41,10.6717,10.6718,10.6717,-0.1597
2020-07-29,1299893303.33,10.6958,10.6959,10.6958,0.0241
2020-07-30,1281890421.09,10.5383,10.5384,10.5383,-0.1575
2020-07-31,1295832491.29,10.646,10.6461,10.646,0.1077
2020-08-03,1289422651.27,10.5834,10.5835,10.5834,-0.0626
2020-08-04,1300979446.82,10.672,10.6721,10.672,0.0886
2020-08-05,1310758214.97,10.7483,10.7484,10.7483,0.0763
2020-08-06,1307543841.26,10.7204,10.7205,10.7204,-0.0279
2020-08-07,1299982750.16,10.6562,10.6563,10.6562,-0.0642
2020-08-10,1298333308.17,10.6353,10.6354,10.6353,-0.0209
2020-08-11,1311858122.1,10.7411,10.7412,10.7411,0.1058
2020-08-13,1324170882.43,10.8394,10.8395,10.8394,0.0983
2020-08-14,1306359004.48,10.6914,10.6915,10.6914,-0.148
2020-08-17,1297596249.43,10.6168,10.6169,10.6168,-0.0746
2020-08-18,1307432595.67,10.6897,10.6898,10.6897,0.0729
2020-08-19,1290381467.19,10.5489,10.549,10.5489,-0.1408
2020-08-20,1279740389.11,10.4599,10.46,10.4599,-0.089
2020-08-21,1285638417.63,10.4957,10.4958,10.4957,0.0358
2020-08-24,1306534391.22,10.6528,10.6529,10.6528,0.1571
2020-08-25,1306533277.68,10.6473,10.6474,10.6473,-0.0055
2020-08-26,1313690239.85,10.7017,10.7018,10.7017,0.0544
2020-08-27,1313847083.32,10.7,10.7001,10.7,-0.0017
2020-08-28,1310819585.41,10.6705,10.6706,10.6705,-0.0295
2020-08-31,1302088156.34,10.5941,10.5942,10.5941,-0.0764
2020-09-01,1293280768.29,10.5144,10.5145,10.5144,-0.0797
2020-09-02,1304101465.38,10.5969,10.597,10.5969,0.0825
2020-09-03,1302233927.03,10.5745,10.5746,10.5745,-0.0224
2020-09-08,1284824730.43,10.4281,10.4282,10.4281,-0.1464
2020-09-09,1286976841.92,10.4301,10.4302,10.4301,0.002
2020-09-10,1282204765.34,10.3821,10.3822,10.3821,-0.048
2020-09-11,1271995244.12,10.2919,10.292,10.2919,-0.0902
2020-09-14,1262980254.15,10.2089,10.209,10.2089,-0.083
2020-09-15,1275094955.61,10.3005,10.3006,10.3005,0.0916
2020-09-16,1281356466.01,10.3466,10.3467,10.3466,0.0461
2020-09-17,1274875458.65,10.2855,10.2856,10.2855,-0.0611
2020-09-18,1277132846.72,10.2942,10.2943,10.2942,0.0087
2020-09-21,1267416546.04,10.2065,10.2066,10.2065,-0.0877
2020-09-22,1257557203.62,10.1223,10.1224,10.1223,-0.0842
2020-09-23,1255562887.42,10.0984,10.0985,10.0984,-0.0239
2020-09-24,1239292984.3,9.9596,9.9597,9.9596,-0.1388
2020-09-25,1236000071.15,9.9121,9.9122,9.9121,-0.0475
2020-09-28,1255566888.21,10.0533,10.0534,10.0533,0.1412
2020-09-29,1255990158.02,10.0477,10.0478,10.0477,-0.0056
2020-09-30,1236983995.36,9.8878,9.8879,9.8878,-0.1599
2020-10-01,1250985649.09,9.9857,9.9858,9.9857,0.0979
2020-10-02,1241323336.81,9.9014,9.9015,9.9014,-0.0843
2020-10-05,1249406415.72,9.9526,9.9527,9.9526,0.0512
2020-10-06,1256599483.6,10.003,10.0031,10.003,0.0504
2020-10-07,1265457042.38,10.0669,10.067,10.0669,0.0639
2020-10-08,1274052049.19,10.1309,10.131,10.1309,0.064
2020-10-09,1265987289.77,10.0622,10.0623,10.0622,-0.0687
2020-10-12,1276108323.82,10.1376,10.1377,10.1376,0.0754
2020-10-14,1262870089.58,10.0243,10.0244,10.0243,-0.1133
2020-10-15,1244926530.41,9.8736,9.8737,9.8736,-0.1507
2020-10-16,1236218147.31,9.7934,9.7935,9.7934,-0.0802
2020-10-19,1216839585.11,9.6237,9.6238,9.6237,-0.1697
2020-10-20,1225903785.63,9.6724,9.6725,9.6724,0.0487
2020-10-21,1231616109.6,9.7028,9.7029,9.7028,0.0304
2020-10-22,1235047108.96,9.722,9.7221,9.722,0.0192
2020-10-26,1231544435.9,9.685,9.6851,9.685,-0.037
2020-10-27,1233494408.41,9.6883,9.6884,9.6883,0.0033
2020-10-28,1235631809.23,9.6917,9.6918,9.6917,0.0034
2020-10-29,1233789834.86,9.6692,9.6693,9.6692,-0.0225
2020-10-30,1228817761.89,9.6162,9.6163,9.6162,-0.053
2020-11-02,1239885660.02,9.6746,9.6747,9.6746,0.0584
2020-11-03,1258154593.82,9.8076,9.8077,9.8076,0.133
2020-11-04,1257275412.68,9.7898,9.7899,9.7898,-0.0178
2020-11-05,1299425556.07,10.1083,10.1084,10.1083,0.3185
2020-11-06,1295897643.94,10.0724,10.0725,10.0724,-0.0359
2020-11-09,1317629669.19,10.231,10.2311,10.231,0.1586
2020-11-10,1381016883.51,10.7158,10.7159,10.7158,0.4848
2020-11-11,1384216578.16,10.7274,10.7275,10.7274,0.0116
2020-11-12,1375008150.69,10.6469,10.647,10.6469,-0.0805
2020-11-13,1383478434.99,10.7086,10.7087,10.7086,0.0617
2020-11-16,1392663268.05,10.7646,10.7647,10.7646,0.056
2020-11-17,1394390963.78,10.7698,10.7699,10.7698,0.0052
2020-11-18,1408523392.36,10.8672,10.8673,10.8672,0.0974
2020-11-19,1410164454.6,10.871,10.8711,10.871,0.0038
2020-11-20,1432083971.63,11.0273,11.0274,11.0273,0.1563
2020-11-23,1463739338.95,11.2633,11.2634,11.2633,0.236
2020-11-24,1451680291.95,11.1628,11.1629,11.1628,-0.1005
2020-11-25,1464166829.27,11.2568,11.2569,11.2568,0.094
2020-11-26,1479288226.84,11.3595,11.3596,11.3595,0.1027
2020-11-27,1484153236.25,11.3782,11.3783,11.3782,0.0187
2020-11-30,1451938984.29,11.1151,11.1152,11.1151,-0.2631
2020-12-01,1475152770.3,11.247,11.2471,11.247,0.1319
2020-12-02,1471995843.78,11.2085,11.2086,11.2085,-0.0385
2020-12-03,1495410152.88,11.3589,11.359,11.3589,0.1504
2020-12-04,1512132688.96,11.4618,11.4619,11.4618,0.1029
2020-12-08,1541524000.96,11.6587,11.6588,11.6587,0.1969
2020-12-09,1546151684.63,11.6586,11.6587,11.6586,-0.0001
2020-12-14,1541830022.04,11.5863,11.5864,11.5863,-0.0723
2020-12-15,1549954734.88,11.58,11.5801,11.58,-0.0063
2020-12-16,1568951622.25,11.6307,11.6308,11.6307,0.0507
2020-12-17,1576755834.15,11.6159,11.616,11.6159,-0.0148
2020-12-18,1581944760.83,11.5952,11.5953,11.5952,-0.0207
2020-12-21,1512435203.87,11.0028,11.0029,11.0028,-0.5924
2020-12-22,1553555364.48,11.1186,11.1187,11.1186,0.1158
2020-12-23,1550908779.8,10.973,10.9731,10.973,-0.1456
2020-12-24,1593646548.19,11.1718,11.1719,11.1718,0.1988
2020-12-25,1617448159.36,11.238,11.2381,11.238,0.0662
2020-12-28,1607958897.79,11.0296,11.0297,11.0296,-0.2084
2020-12-29,1677524668.01,11.2305,11.2306,11.2305,0.2009
2020-12-30,1715927560.36,11.0917,11.0918,11.0917,-0.1388
2021-01-04,1786193708.8,11.1822,11.1823,11.1822,0.0905
2021-01-05,1810406036.61,11.3284,11.3285,11.3284,0.1462
2021-01-06,1813966591.55,11.3534,11.3535,11.3534,0.025
2021-01-07,1834403075.41,11.4811,11.4812,11.4811,0.1277
2021-01-08,1846924561.16,11.5595,11.5596,11.5595,0.0784
2021-01-11,1848506723.72,11.5692,11.5693,11.5692,0.0097
2021-01-12,1860032939.0,11.6377,11.6378,11.6377,0.0685
2021-01-13,1874995552.35,11.7307,11.7308,11.7307,0.093
2021-01-14,1865165203.14,11.6704,11.6705,11.6704,-0.0603
2021-01-15,1856189612.66,11.6124,11.6125,11.6124,-0.058
2021-01-18,1847339343.34,11.5549,11.555,11.5549,-0.0575
2021-01-19,1854837977.96,11.5979,11.598,11.5979,0.043
2021-01-20,1855157129.11,11.6019,11.602,11.6019,0.004
2021-01-21,1865867130.05,11.6683,11.6684,11.6683,0.0664
2021-01-22,1853009873.35,11.5873,11.5874,11.5873,-0.081
2021-01-25,1868578762.68,11.6826,11.6827,11.6826,0.0953
2021-01-26,1871265498.55,11.6973,11.6974,11.6973,0.0147
2021-01-27,1866556374.63,11.6639,11.664,11.6639,-0.0334
2021-01-28,1832837702.89,11.4526,11.4527,11.4526,-0.2113
2021-01-29,1823504805.37,11.388,11.3881,11.388,-0.0646
2021-02-01,1843067228.42,11.5033,11.5034,11.5033,0.1153
2021-02-02,1857468207.49,11.5883,11.5884,11.5883,0.085
2021-02-03,1854696823.66,11.5709,11.571,11.5709,-0.0174
2021-02-04,1858955079.15,11.5994,11.5995,11.5994,0.0285
2021-02-05,1891006824.84,11.7949,11.795,11.7949,0.1955
2021-02-08,1921986474.68,11.9876,11.9877,11.9876,0.1927
2021-02-09,1921451945.98,11.9814,11.9815,11.9814,-0.0062
2021-02-10,1911842603.9,11.9214,11.9215,11.9214,-0.06
2021-02-11,1923709551.76,11.9939,11.994,11.9939,0.0725
2021-02-15,1931328410.68,12.0376,12.0377,12.0376,0.0437
2021-02-16,1937482551.4,12.0727,12.0728,12.0727,0.0351
2021-02-17,1931917493.18,12.0368,12.0369,12.0368,-0.0359
2021-02-18,1930929496.72,12.0308,12.0309,12.0308,-0.006
2021-02-19,1917047480.28,11.9426,11.9427,11.9426,-0.0882
2021-02-22,1889246405.9,11.7622,11.7623,11.7622,-0.1804
2021-02-23,1921006653.88,11.9564,11.9565,11.9564,0.1942
2021-02-24,1902658285.53,11.8398,11.8399,11.8398,-0.1166
2021-02-25,1923959873.38,11.9687,11.9688,11.9687,0.1289
2021-03-01,1937462584.3,12.0454,12.0455,12.0454,0.0767
2021-03-02,1943866427.84,12.0789,12.079,12.0789,0.0335
2021-03-03,1993050321.39,12.3785,12.3786,12.3785,0.2996
2021-03-04,1990141589.2,12.3592,12.3593,12.3592,-0.0193
2021-03-05,2007348530.83,12.4643,12.4644,12.4643,0.1051
2021-03-08,2009724958.95,12.4755,12.4756,12.4755,0.0112
2021-03-09,2020688253.5,12.5406,12.5407,12.5406,0.0651
2021-03-10,2045643387.73,12.6937,12.6938,12.6937,0.1531
2021-03-11,2044272731.03,12.6835,12.6836,12.6835,-0.0102
2021-03-12,2034301451.67,12.6229,12.623,12.6229,-0.0606
2021-03-15,2026809774.63,12.5727,12.5728,12.5727,-0.0502
2021-03-16,2029635154.28,12.5871,12.5872,12.5871,0.0144
2021-03-17,2038472050.86,12.6401,12.6402,12.6401,0.053
2021-03-18,2042106926.02,12.6612,12.6613,12.6612,0.0211
2021-03-19,2038960438.22,12.6409,12.641,12.6409,-0.0203
2021-03-22,2040270736.43,12.6459,12.646,12.6459,0.005
2021-03-23,2033660992.71,12.6018,12.6019,12.6018,-0.0441
2021-03-24,2034617511.03,12.6068,12.6069,12.6068,0.005
2021-03-25,2036026297.14,12.6119,12.612,12.6119,0.0051
2021-03-26,2037996026.64,12.6217,12.6218,12.6217,0.0098
2021-03-29,2053354567.31,12.7135,12.7136,12.7135,0.0918
2021-03-30,2058846080.74,12.7409,12.741,12.7409,0.0274
2021-03-31,2055745064.1,12.7148,12.7149,12.7148,-0.0261
2021-04-01,2063075715.63,12.758,12.7581,12.758,0.0432
2021-04-02,2062264062.39,12.7499,12.75,12.7499,-0.0081
2021-04-05,2033741981.82,12.5712,12.5713,12.5712,-0.1787
2021-04-07,2010513469.99,12.4155,12.4156,12.4155,-0.1557
2021-04-08,2012217996.37,12.4187,12.4188,12.4187,0.0032
2021-04-09,2020291904.03,12.4639,12.464,12.4639,0.0452
2021-04-12,1994479406.43,12.3007,12.3008,12.3007,-0.1632
2021-04-16,1998840206.67,12.3133,12.3134,12.3133,0.0126
2021-04-19,2021988465.84,12.4497,12.4498,12.4497,0.1364
2021-04-20,2027150317.51,12.4758,12.4759,12.4758,0.0261
2021-04-21,2025265456.19,12.4617,12.4618,12.4617,-0.0141
2021-04-22,2006524300.72,12.3445,12.3446,12.3445,-0.1172
2021-04-23,1990462598.12,12.2423,12.2424,12.2423,-0.1022
2021-04-26,1999780347.0,12.2885,12.2886,12.2885,0.0462
2021-04-27,1998300012.48,12.273,12.2731,12.273,-0.0155
2021-04-28,2021610433.39,12.4099,12.41,12.4099,0.1369
2021-04-29,2039411561.74,12.5138,12.5139,12.5138,0.1039
2021-04-30,2031706927.49,12.4628,12.4629,12.4628,-0.051
2021-05-05,1993427370.8,12.2223,12.2224,12.2223,-0.2405
2021-05-06,2019553368.3,12.363,12.3631,12.363,0.1407
2021-05-07,2029936928.62,12.4199,12.42,12.4199,0.0569
2021-05-10,2039131590.93,12.4743,12.4744,12.4743,0.0544
2021-05-11,2026392110.48,12.3931,12.3932,12.3931,-0.0812
2021-05-12,2010423386.94,12.2922,12.2923,12.2922,-0.1009
2021-05-13,2005150239.89,12.251,12.2511,12.251,-0.0412
2021-05-14,2015841320.23,12.2911,12.2912,12.2911,0.0401
2021-05-17,2008834361.88,12.2345,12.2346,12.2345,-0.0566
2021-05-18,2041284383.19,12.4162,12.4163,12.4162,0.1817
2021-05-19,2037563938.14,12.3905,12.3906,12.3905,-0.0257
2021-05-20,2035869520.49,12.3773,12.3774,12.3773,-0.0132
2021-05-21,2024120827.75,12.3048,12.3049,12.3048,-0.0725
2021-05-24,2020936371.66,12.2818,12.2819,12.2818,-0.023
2021-05-25,2038409951.64,12.384,12.3841,12.384,0.1022
2021-05-27,2063654495.85,12.5328,12.5329,12.5328,0.1488
2021-05-28,2059269546.82,12.501,12.5011,12.501,-0.0318
2021-05-31,2072487012.61,12.5777,12.5778,12.5777,0.0767
2021-06-01,2113581642.63,12.823,12.8231,12.823,0.2453
2021-06-02,2108765287.9,12.7883,12.7884,12.7883,-0.0347
2021-06-04,2103851968.39,12.7554,12.7555,12.7554,-0.0329
2021-06-07,2101424360.01,12.74,12.7401,12.74,-0.0154
2021-06-08,2101524196.12,12.7367,12.7368,12.7367,-0.0033
2021-06-09,2120672555.01,12.8502,12.8503,12.8502,0.1135
2021-06-10,2115827116.6,12.8202,12.8203,12.8202,-0.03
2021-06-11,2131283790.18,12.9109,12.911,12.9109,0.0907
2021-06-14,2129819851.2,12.8989,12.899,12.8989,-0.012
2021-06-15,2113484616.13,12.797,12.7971,12.797,-0.1019
2021-06-16,2122517950.63,12.8488,12.8489,12.8488,0.0518
2021-06-17,2115541341.99,12.8035,12.8036,12.8035,-0.0453
2021-06-18,2105201385.58,12.7393,12.7394,12.7393,-0.0642
2021-06-21,2093785851.26,12.6627,12.6628,12.6627,-0.0766
2021-06-22,2095052182.07,12.6599,12.66,12.6599,-0.0028
2021-06-23,2080510961.61,12.5686,12.5687,12.5686,-0.0913
2021-06-24,2075116718.34,12.5347,12.5348,12.5347,-0.0339
2021-06-25,2068413591.28,12.4856,12.4857,12.4856,-0.0491
2021-06-28,2061116109.1,12.4336,12.4337,12.4336,-0.052
2021-06-29,2067535938.9,12.4604,12.4605,12.4604,0.0268
2021-06-30,2064832287.35,12.439,12.4391,12.439,-0.0214
2021-07-01,2077749952.92,12.5077,12.5078,12.5077,0.0687
2021-07-02,2060739858.18,12.3944,12.3945,12.3944,-0.1133
2021-07-05,2064396507.57,12.4085,12.4086,12.4085,0.0141
2021-07-06,2078210877.79,12.4878,12.4879,12.4878,0.0793
2021-07-07,2059323053.86,12.3724,12.3725,12.3724,-0.1154
2021-07-08,2016781093.62,12.1098,12.1099,12.1098,-0.2626
2021-07-09,2024729146.12,12.131,12.1311,12.131,0.0212
2021-07-12,2025839584.48,12.1249,12.125,12.1249,-0.0061
2021-07-13,2051325137.39,12.2694,12.2695,12.2694,0.1445
2021-07-14,2055684166.32,12.2917,12.2918,12.2917,0.0223
2021-07-15,2045894601.23,12.2293,12.2294,12.2293,-0.0624
2021-07-16,2058016994.77,12.3008,12.3009,12.3008,0.0715
2021-07-19,2034736912.95,12.1582,12.1583,12.1582,-0.1426
2021-07-20,2013453142.78,12.0237,12.0238,12.0237,-0.1345
2021-07-21,2021010603.7,12.0487,12.0488,12.0487,0.025
2021-07-22,2041383538.4,12.164,12.1641,12.164,0.1153
2021-07-23,2031077583.35,12.0988,12.0989,12.0988,-0.0652
2021-07-27,2021625779.72,12.0384,12.0385,12.0384,-0.0604
2021-07-29,2014361029.81,11.9839,11.984,11.9839,-0.0545
2021-07-30,1996715006.16,11.8728,11.8729,11.8728,-0.1111
2021-08-02,2007588028.82,11.9218,11.9219,11.9218,0.049
2021-08-03,2026853116.89,12.026,12.0261,12.026,0.1042
2021-08-04,2035156572.96,12.0717,12.0718,12.0717,0.0457
2021-08-05,2010708923.51,11.9258,11.9259,11.9258,-0.1459
2021-08-06,2003268597.25,11.8772,11.8773,11.8772,-0.0486
2021-08-09,2022298122.07,11.9838,11.9839,11.9838,0.1066
2021-08-10,2025063139.22,11.9969,11.997,11.9969,0.0131
2021-08-11,2011178934.45,11.9122,11.9123,11.9122,-0.0847
2021-08-13,2005169273.33,11.8719,11.872,11.8719,-0.0403
2021-08-16,2012078973.13,11.9099,11.91,11.9099,0.038
2021-08-17,2023946037.55,11.9754,11.9755,11.9754,0.0655
2021-08-18,2042408539.81,12.082,12.0821,12.082,0.1066
2021-08-19,2032987625.56,12.0238,12.0239,12.0238,-0.0582
2021-08-20,2045188561.62,12.0938,12.0939,12.0938,0.07
2021-08-23,2083688160.31,12.3181,12.3182,12.3181,0.2243
2021-08-24,2092896125.75,12.3711,12.3712,12.3711,0.053
2021-08-25,2109554142.87,12.467,12.4671,12.467,0.0959
2021-08-26,2109845351.93,12.4662,12.4663,12.4662,-0.0008
2021-08-27,2126501330.59,12.5593,12.5594,12.5593,0.0931
2021-08-30,2157566348.88,12.7349,12.735,12.7349,0.1756
2021-08-31,2154766382.67,12.7122,12.7123,12.7122,-0.0227
2021-09-01,2137383869.21,12.6088,12.6089,12.6088,-0.1034
2021-09-02,2143272254.72,12.64,12.6401,12.64,0.0312
2021-09-03,2143644927.66,12.6396,12.6397,12.6396,-0.0004
2021-09-06,2135568101.69,12.5892,12.5893,12.5892,-0.0504
2021-09-07,2130256281.68,12.5555,12.5556,12.5555,-0.0337
2021-09-08,2128462608.73,12.5439,12.544,12.5439,-0.0116
2021-09-09,2115092221.53,12.4603,12.4604,12.4603,-0.0836
2021-09-10,2119506566.36,12.4842,12.4843,12.4842,0.0239
2021-09-13,2136254410.19,12.5806,12.5807,12.5806,0.0964
2021-09-14,2140234611.75,12.6004,12.6005,12.6004,0.0198
2021-09-15,2145467092.26,12.6266,12.6267,12.6266,0.0262
2021-09-16,2158237000.66,12.6987,12.6988,12.6987,0.0721
2021-09-17,2154600206.29,12.6751,12.6752,12.6751,-0.0236
2021-09-20,2128391241.96,12.5151,12.5152,12.5151,-0.16
2021-09-21,2156357133.45,12.6731,12.6732,12.6731,0.158
2021-09-22,2160655993.53,12.6915,12.6916,12.6915,0.0184
2021-09-23,2169806997.45,12.7424,12.7425,12.7424,0.0509
2021-09-27,2170989055.61,12.7445,12.7446,12.7445,0.0021
2021-09-28,2172223901.44,12.744,12.7441,12.744,-0.0005
2021-09-29,2173069481.26,12.7429,12.743,12.7429,-0.0011
2021-09-30,2160499738.12,12.6644,12.6645,12.6644,-0.0785
2021-10-01,2160378345.66,12.6553,12.6554,12.6553,-0.0091
2021-10-04,2177363214.19,12.7404,12.7405,12.7404,0.0851
2021-10-05,2191167136.68,12.8138,12.8139,12.8138,0.0734
2021-10-06,2190008638.39,12.8015,12.8016,12.8015,-0.0123
2021-10-07,2206453136.5,12.8927,12.8928,12.8927,0.0912
2021-10-08,2223253480.01,12.987,12.9871,12.987,0.0943
2021-10-11,2216667659.68,12.943,12.9431,12.943,-0.044
2021-10-12,2236706510.24,13.0546,13.0547,13.0546,0.1116
2021-10-14,2231125676.2,13.0149,13.015,13.0149,-0.0397
2021-10-15,2237581489.92,13.045,13.0451,13.045,0.0301
2021-10-18,2254277236.24,13.1291,13.1292,13.1291,0.0841
2021-10-19,2230539413.82,12.9815,12.9816,12.9815,-0.1476
2021-10-20,2248617101.76,13.071,13.0711,13.071,0.0895
2021-10-21,2256489701.37,13.1104,13.1105,13.1104,0.0394
2021-10-25,2238379564.5,12.9996,12.9997,12.9996,-0.1108
2021-10-26,2235808823.4,12.9634,12.9635,12.9634,-0.0362
2021-10-27,2227285308.19,12.9038,12.9039,12.9038,-0.0596
2021-10-28,2219068098.29,12.8457,12.8458,12.8457,-0.0581
2021-10-29,2225452962.62,12.8717,12.8718,12.8717,0.026
2021-11-01,2221979262.62,12.8371,12.8372,12.8371,-0.0346
2021-11-02,2230192328.48,12.8691,12.8692,12.8691,0.032
2021-11-03,2226045671.88,12.8299,12.83,12.8299,-0.0392
2021-11-04,2249777837.99,12.9564,12.9565,12.9564,0.1265
2021-11-05,2250683837.18,12.9485,12.9486,12.9485,-0.0079
2021-11-08,2267776037.19,13.0362,13.0363,13.0362,0.0877
2021-11-09,2271960201.26,13.0517,13.0518,13.0517,0.0155
2021-11-10,2275340048.03,13.0635,13.0636,13.0635,0.0118
2021-11-11,2284475711.38,13.1076,13.1077,13.1076,0.0441
2021-11-12,2282708155.95,13.091,13.0911,13.091,-0.0166
2021-11-15,2285917554.05,13.1009,13.101,13.1009,0.0099
2021-11-16,2292769167.88,13.1264,13.1265,13.1264,0.0255
2021-11-17,2290173490.7,13.104,13.1041,13.104,-0.0224
2021-11-18,2292697095.22,13.1124,13.1125,13.1124,0.0084
2021-11-19,2280099537.95,13.0328,13.0329,13.0328,-0.0796
2021-11-22,2282366004.14,13.033,13.0331,13.033,0.0002
2021-11-23,2278355889.33,13.0009,13.001,13.0009,-0.0321
2021-11-24,2276866554.49,12.9819,12.982,12.9819,-0.019
2021-11-25,2281513769.04,13.0029,13.003,13.0029,0.021
2021-11-26,2228817587.93,12.6882,12.6883,12.6882,-0.3147
2021-11-29,2203355320.49,12.4696,12.4697,12.4696,-0.2186
2021-11-30,2181339334.47,12.2832,12.2833,12.2832,-0.1864
2021-12-01,2223995844.14,12.4491,12.4492,12.4491,0.1659
2021-12-02,2236095446.01,12.4783,12.4784,12.4783,0.0292
2021-12-03,2238288556.04,12.4558,12.4559,12.4558,-0.0225
2021-12-07,2281191485.02,12.6659,12.666,12.6659,0.2101
2021-12-08,2302312846.64,12.7554,12.7555,12.7554,0.0895
2021-12-09,2305441721.67,12.7512,12.7513,12.7512,-0.0042
2021-12-13,2317784973.74,12.79,12.7901,12.79,0.0388
2021-12-14,2326776182.74,12.8093,12.8094,12.8093,0.0193
2021-12-15,2318225202.26,12.7301,12.7302,12.7301,-0.0792
2021-12-16,2347518464.91,12.8555,12.8556,12.8555,0.1254
2021-12-17,2348075949.26,12.8331,12.8332,12.8331,-0.0224
2021-12-20,2310956764.22,12.5944,12.5945,12.5944,-0.2387
2021-12-21,2341354532.19,12.67,12.6701,12.67,0.0756
2021-12-22,2349367653.51,12.6735,12.6736,12.6735,0.0035
2021-12-23,2377802034.59,12.7822,12.7823,12.7822,0.1087
2021-12-24,2380993876.65,12.7562,12.7563,12.7562,-0.026
2021-12-27,2388073114.69,12.712,12.7121,12.712,-0.0442
2021-12-28,2423251395.69,12.7607,12.7608,12.7607,0.0487
2021-12-29,2465726387.3,12.8572,12.8573,12.8572,0.0965
2021-12-30,2507095816.67,12.8918,12.8919,12.8918,0.0346
2022-01-04,2564779833.92,12.978,12.9781,12.978,0.0862
2022-01-05,2580943304.89,13.0504,13.0505,13.0504,0.0724
2022-01-06,2543671486.03,12.861,12.8611,12.861,-0.1894
2022-01-07,2560902904.99,12.9431,12.9432,12.9431,0.0821
2022-01-10,2561619665.38,12.9452,12.9453,12.9452,0.0021
2022-01-11,2573007046.98,13.0023,13.0024,13.0023,0.0571
2022-01-12,2585349960.11,13.0626,13.0627,13.0626,0.0603
2022-01-13,2590182514.08,13.0856,13.0857,13.0856,0.023
2022-01-14,2580350390.78,13.0357,13.0358,13.0357,-0.0499
2022-01-17,2579029340.31,13.0288,13.0289,13.0288,-0.0069
2022-01-18,2562189865.93,12.9414,12.9415,12.9414,-0.0874
2022-01-19,2559651712.34,12.9275,12.9276,12.9275,-0.0139
2022-01-20,2560879188.22,12.932,12.9321,12.932,0.0045
2022-01-21,2556915263.27,12.9121,12.9122,12.9121,-0.0199
2022-01-24,2530624358.29,12.777,12.7771,12.777,-0.1351
2022-01-25,2539374104.0,12.8183,12.8184,12.8183,0.0413
2022-01-26,2553283573.37,12.8817,12.8818,12.8817,0.0634
2022-01-27,2545656536.87,12.8396,12.8397,12.8396,-0.0421
2022-01-28,2557673103.66,12.8971,12.8972,12.8971,0.0575
2022-01-31,2570865325.02,12.9609,12.961,12.9609,0.0638
2022-02-01,2582870493.74,13.016,13.0161,13.016,0.0551
2022-02-02,2589956185.31,13.0488,13.0489,13.0488,0.0328
2022-02-03,2591163175.26,13.0534,13.0535,13.0534,0.0046
2022-02-04,2600220350.09,13.0978,13.0979,13.0978,0.0444
2022-02-07,2613457285.0,13.1641,13.1642,13.1641,0.0663
2022-02-08,2619834498.14,13.1952,13.1953,13.1952,0.0311
2022-02-09,2649807117.93,13.3451,13.3452,13.3451,0.1499
2022-02-10,2657109677.78,13.3803,13.3804,13.3803,0.0352
2022-02-11,2652453890.5,13.3571,13.3572,13.3571,-0.0232
2022-02-14,2633606855.02,13.2619,13.262,13.2619,-0.0952
2022-02-15,2646479530.59,13.3248,13.3249,13.3248,0.0629
2022-02-17,2663545725.99,13.4089,13.409,13.4089,0.0841
2022-02-18,2663875130.13,13.4089,13.409,13.4089,0.0
2022-02-21,2632191400.52,13.2477,13.2478,13.2477,-0.1612
2022-02-22,2625446375.92,13.2123,13.2124,13.2123,-0.0354
2022-02-23,2645388086.41,13.3081,13.3082,13.3081,0.0958
2022-02-24,2596190910.77,13.058,13.0581,13.058,-0.2501
2022-02-25,2618571838.98,13.1597,13.1598,13.1597,0.1017
2022-02-28,2626073214.04,13.1887,13.1888,13.1887,0.029
2022-03-01,2642231012.16,13.2606,13.2607,13.2606,0.0719
2022-03-02,2637075414.51,13.2301,13.2302,13.2301,-0.0305
2022-03-03,2656176981.31,13.3248,13.3249,13.3248,0.0947
2022-03-04,2618467780.81,13.1343,13.1344,13.1343,-0.1905
2022-03-07,2549959512.77,12.7866,12.7867,12.7866,-0.3477
2022-03-08,2558700587.74,12.8086,12.8087,12.8086,0.022
2022-03-09,2597647287.95,12.9803,12.9804,12.9803,0.1717
2022-03-10,2614857544.26,13.0567,13.0568,13.0567,0.0764
2022-03-11,2627194343.43,13.1148,13.1149,13.1148,0.0581
2022-03-14,2633038251.42,13.14,13.1401,13.14,0.0252
2022-03-15,2613726700.02,13.0382,13.0383,13.0382,-0.1018
2022-03-16,2643488410.31,13.1844,13.1845,13.1844,0.1462
2022-03-17,2658758566.37,13.2582,13.2583,13.2582,0.0738
2022-03-18,2655115049.92,13.2389,13.239,13.2389,-0.0193
2022-03-21,2638651258.6,13.1563,13.1564,13.1563,-0.0826
2022-03-22,2643434502.52,13.1771,13.1772,13.1771,0.0208
2022-03-23,2645241501.17,13.1845,13.1846,13.1845,0.0074
2022-03-24,2648625208.58,13.2,13.2001,13.2,0.0155
2022-03-25,2642236289.13,13.167,13.1671,13.167,-0.033
2022-03-28,2658897527.54,13.2467,13.2468,13.2467,0.0797
2022-03-29,2668638799.15,13.2921,13.2922,13.2921,0.0454
2022-03-30,2676261722.66,13.3299,13.33,13.3299,0.0378
2022-03-31,2676353179.28,13.3267,13.3268,13.3267,-0.0032
2022-04-01,2688035840.51,13.3822,13.3823,13.3822,0.0555
2022-04-04,2682989327.2,13.3535,13.3536,13.3535,-0.0287
2022-04-05,2680549306.79,13.3377,13.3378,13.3377,-0.0158
2022-04-07,2656077436.86,13.2147,13.2148,13.2147,-0.123
2022-04-08,2664202665.95,13.251,13.2511,13.251,0.0363
2022-04-11,2656095517.75,13.2079,13.208,13.2079,-0.0431
2022-04-12,2654203880.58,13.1949,13.195,13.1949,-0.013
2022-04-18,2654908300.62,13.1958,13.1959,13.1958,0.0009
2022-04-19,2673143796.06,13.2832,13.2833,13.2832,0.0874
2022-04-20,2683413051.39,13.3329,13.333,13.3329,0.0497
2022-04-21,2692767289.37,13.377,13.3771,13.377,0.0441
2022-04-22,2691931696.1,13.3728,13.3729,13.3728,-0.0042
2022-04-25,2667413875.78,13.2502,13.2503,13.2502,-0.1226
2022-04-26,2668593066.31,13.2492,13.2493,13.2492,-0.001
2022-04-27,2661205395.5,13.2065,13.2066,13.2065,-0.0427
2022-04-28,2679610577.96,13.2909,13.291,13.2909,0.0844
2022-04-29,2681735924.11,13.2969,13.297,13.2969,0.006
2022-05-03,2666015771.74,13.2145,13.2146,13.2145,-0.0824
2022-05-05,2655685736.69,13.1569,13.157,13.1569,-0.0576
2022-05-06,2636212127.89,13.0595,13.0596,13.0595,-0.0974
2022-05-09,2604148878.94,12.8894,12.8895,12.8894,-0.1701
2022-05-10,2637562779.73,13.0401,13.0402,13.0401,0.1507
2022-05-11,2618442659.41,12.9372,12.9373,12.9372,-0.1029
2022-05-12,2582855929.1,12.7574,12.7575,12.7574,-0.1798
2022-05-13,2597939305.33,12.8138,12.8139,12.8138,0.0564
2022-05-17,2635444714.98,12.9895,12.9896,12.9895,0.1757
2022-05-18,2655626657.17,13.0811,13.0812,13.0811,0.0916
2022-05-19,2631498183.53,12.9584,12.9585,12.9584,-0.1227
2022-05-20,2661715332.74,13.1038,13.1039,13.1038,0.1454
2022-05-23,2680264895.89,13.1911,13.1912,13.1911,0.0873
2022-05-24,2662863645.93,13.1046,13.1047,13.1046,-0.0865
2022-05-25,2657334396.44,13.0762,13.0763,13.0762,-0.0284
2022-05-26,2672736687.97,13.1487,13.1488,13.1487,0.0725
2022-05-27,2675608602.26,13.161,13.1611,13.161,0.0123
2022-05-30,2703403010.73,13.2941,13.2942,13.2941,0.1331
2022-05-31,2720419426.91,13.373,13.3731,13.373,0.0789
2022-06-01,2725679660.06,13.3976,13.3977,13.3976,0.0246
2022-06-02,2710131963.44,13.3178,13.3179,13.3178,-0.0798
2022-06-06,2704085203.29,13.2868,13.2869,13.2868,-0.031
2022-06-07,2675366299.33,13.1407,13.1408,13.1407,-0.1461
2022-06-08,2683955422.87,13.1798,13.1799,13.1798,0.0391
2022-06-09,2699243622.38,13.2503,13.2504,13.2503,0.0705
2022-06-10,2688702602.71,13.1974,13.1975,13.1974,-0.0529
2022-06-13,2652461930.52,13.0158,13.0159,13.0158,-0.1816
2022-06-14,2660664360.4,13.0462,13.0463,13.0462,0.0304
2022-06-15,2656722358.24,13.0212,13.0213,13.0212,-0.025
2022-06-16,2610572722.2,12.789,12.7891,12.789,-0.2322
2022-06-17,2614393508.79,12.793,12.7931,12.793,0.004
2022-06-20,2620469962.44,12.8068,12.8069,12.8068,0.0138
2022-06-21,2646729270.11,12.922,12.9221,12.922,0.1152
2022-06-22,2623871714.97,12.8056,12.8057,12.8056,-0.1164
2022-06-23,2624670446.94,12.8,12.8001,12.8,-0.0056
2022-06-24,2634117308.4,12.8405,12.8406,12.8405,0.0405
2022-06-27,2648292613.49,12.9051,12.9052,12.9051,0.0646
2022-06-28,2669292986.78,13.002,13.0021,13.002,0.0969
2022-06-29,2657253405.06,12.939,12.9391,12.939,-0.063
2022-06-30,2638967504.3,12.8474,12.8475,12.8474,-0.0916
2022-07-01,2645279074.67,12.8716,12.8717,12.8716,0.0242
2022-07-04,2620235294.88,12.7455,12.7456,12.7455,-0.1261
2022-07-05,2602676297.2,12.6557,12.6558,12.6557,-0.0898
2022-07-06,2609836023.98,12.6833,12.6834,12.6833,0.0276
2022-07-07,2642991351.57,12.8387,12.8388,12.8387,0.1554
2022-07-08,2632239181.9,12.782,12.7821,12.782,-0.0567
2022-07-11,2634719600.14,12.7906,12.7907,12.7906,0.0086
2022-07-12,2619283483.42,12.712,12.7121,12.712,-0.0786
2022-07-14,2599530475.69,12.6136,12.6137,12.6136,-0.0984
2022-07-15,2593588613.45,12.5809,12.581,12.5809,-0.0327
2022-07-18,2610665158.77,12.6504,12.6505,12.6504,0.0695
2022-07-19,2591256580.08,12.5527,12.5528,12.5527,-0.0977
2022-07-20,2598464170.73,12.581,12.5811,12.581,0.0283
2022-07-21,2610266240.12,12.6298,12.6299,12.6298,0.0488
2022-07-22,2620017363.22,12.6739,12.674,12.6739,0.0441
2022-07-25,2631353831.51,12.725,12.7251,12.725,0.0511
2022-07-26,2625151590.15,12.6896,12.6897,12.6896,-0.0354
2022-07-27,2648341673.8,12.7984,12.7985,12.7984,0.1088
2022-08-01,2666740806.57,12.8825,12.8826,12.8825,0.0841
2022-08-02,2667677061.19,12.88,12.8801,12.88,-0.0025
2022-08-03,2670996014.28,12.8932,12.8933,12.8932,0.0132
2022-08-04,2671118944.13,12.8904,12.8905,12.8904,-0.0028
2022-08-05,2682113263.09,12.9406,12.9407,12.9406,0.0502
2022-08-08,2695018407.87,12.9971,12.9972,12.9971,0.0565
2022-08-09,2707740955.46,13.0547,13.0548,13.0547,0.0576
2022-08-10,2709710496.71,13.0611,13.0612,13.0611,0.0064
2022-08-11,2718377442.06,13.1007,13.1008,13.1007,0.0396
2022-08-15,2717463106.27,13.0943,13.0944,13.0943,-0.0064
2022-08-16,2719138213.96,13.0974,13.0975,13.0974,0.0031
2022-08-17,2739085722.99,13.1923,13.1924,13.1923,0.0949
2022-08-18,2734840435.3,13.1687,13.1688,13.1687,-0.0236
2022-08-19,2727423549.19,13.1311,13.1312,13.1311,-0.0376
2022-08-22,2711445869.07,13.0522,13.0523,13.0522,-0.0789
2022-08-23,2738561472.85,13.1803,13.1804,13.1803,0.1281
2022-08-24,2742259362.58,13.195,13.1951,13.195,0.0147
2022-08-25,2757496200.84,13.2646,13.2647,13.2646,0.0696
2022-08-26,2761296537.45,13.2791,13.2792,13.2791,0.0145
2022-08-29,2742476312.95,13.1856,13.1857,13.1856,-0.0935
2022-08-30,2771260946.01,13.3148,13.3149,13.3148,0.1292
2022-08-31,2774750564.93,13.3268,13.3269,13.3268,0.012
2022-09-01,2751455895.87,13.2104,13.2105,13.2104,-0.1164
2022-09-02,2751378901.1,13.2058,13.2059,13.2058,-0.0046
2022-09-05,2752612403.36,13.2059,13.206,13.2059,0.0001
2022-09-06,2765388137.6,13.2632,13.2633,13.2632,0.0573
2022-09-07,2765602692.79,13.2616,13.2617,13.2616,-0.0016
2022-09-08,2765387914.92,13.2604,13.2605,13.2604,-0.0012
2022-09-09,2774448865.09,13.3016,13.3017,13.3016,0.0412
2022-09-12,2796944200.04,13.4075,13.4076,13.4075,0.1059
2022-09-13,2800957193.61,13.4193,13.4194,13.4193,0.0118
2022-09-14,2794755662.8,13.3875,13.3876,13.3875,-0.0318
2022-09-15,2778993284.65,13.3101,13.3102,13.3101,-0.0774
2022-09-16,2758761243.0,13.2105,13.2106,13.2105,-0.0996
2022-09-19,2757067790.16,13.198,13.1981,13.198,-0.0125
2022-09-20,2773941220.84,13.2734,13.2735,13.2734,0.0754
2022-09-21,2770330329.53,13.255,13.2551,13.255,-0.0184
2022-09-22,2781825915.15,13.3075,13.3076,13.3075,0.0525
2022-09-23,2772037621.51,13.2583,13.2584,13.2583,-0.0492
2022-09-26,2751206150.59,13.1541,13.1542,13.1541,-0.1042
2022-09-27,2734127279.45,13.0658,13.0659,13.0658,-0.0883
2022-09-28,2720176710.96,12.9905,12.9906,12.9905,-0.0753
2022-09-29,2701164883.64,12.8904,12.8905,12.8904,-0.1001
2022-09-30,2696289857.51,12.8579,12.858,12.8579,-0.0325
2022-10-03,2644289938.78,12.5963,12.5964,12.5963,-0.2616
2022-10-04,2674051811.04,12.7109,12.711,12.7109,0.1146
2022-10-05,2683525439.08,12.7378,12.7379,12.7378,0.0269
2022-10-06,2700127085.05,12.7996,12.7997,12.7996,0.0618
2022-10-07,2688599394.45,12.739,12.7391,12.739,-0.0606
2022-10-10,2672143812.05,12.6492,12.6493,12.6492,-0.0898
2022-10-11,2660811253.17,12.5806,12.5807,12.5806,-0.0686
2022-10-12,2665913404.93,12.5898,12.5899,12.5898,0.0092
2022-10-17,2673683374.64,12.6147,12.6148,12.6147,0.0249
2022-10-18,2713426567.99,12.7889,12.789,12.7889,0.1742
2022-10-19,2719321832.69,12.8125,12.8126,12.8125,0.0236
2022-10-20,2743438323.72,12.9233,12.9234,12.9233,0.1108
2022-10-21,2737712383.54,12.8916,12.8917,12.8916,-0.0317
2022-10-25,2743538639.19,12.9141,12.9142,12.9141,0.0225
2022-10-26,2756532579.4,12.966,12.9661,12.966,0.0519
2022-10-27,2777744645.48,13.0605,13.0606,13.0605,0.0945
2022-10-28,2778323486.95,13.0578,13.0579,13.0578,-0.0027
2022-10-31,2789304720.94,13.1006,13.1007,13.1006,0.0428
2022-11-01,2812801454.36,13.1979,13.198,13.1979,0.0973
2022-11-02,2816114904.67,13.2037,13.2038,13.2037,0.0058
2022-11-03,2818491557.7,13.2091,13.2092,13.2091,0.0054
2022-11-04,2820568206.65,13.2148,13.2149,13.2148,0.0057
2022-11-07,2814009111.2,13.1775,13.1776,13.1775,-0.0373
2022-11-08,2828646728.37,13.2391,13.2392,13.2391,0.0616
2022-11-09,2816421998.9,13.1724,13.1725,13.1724,-0.0667
2022-11-10,2816549392.6,13.1624,13.1625,13.1624,-0.01
2022-11-11,2845122298.39,13.2831,13.2832,13.2831,0.1207
2022-11-14,2829414887.42,13.2004,13.2005,13.2004,-0.0827
2022-11-15,2844347918.69,13.2547,13.2548,13.2547,0.0543
2022-11-16,2829658379.69,13.1833,13.1834,13.1833,-0.0714
2022-11-17,2825006453.43,13.1529,13.153,13.1529,-0.0304
2022-11-18,2829482538.64,13.162,13.1621,13.162,0.0091
2022-11-21,2839235395.82,13.1995,13.1996,13.1995,0.0375
2022-11-22,2834807681.91,13.1664,13.1665,13.1664,-0.0331
2022-11-23,2847520032.61,13.2178,13.2179,13.2178,0.0514
2022-11-24,2852766789.47,13.2334,13.2335,13.2334,0.0156
2022-11-25,2846172141.9,13.1941,13.1942,13.1941,-0.0393
2022-11-28,2843294902.46,13.1653,13.1654,13.1653,-0.0288
2022-11-29,2863441692.33,13.2404,13.2405,13.2404,0.0751
2022-11-30,2883720858.5,13.3245,13.3246,13.3245,0.0841
2022-12-01,2898803506.75,13.3774,13.3775,13.3774,0.0529
2022-12-02,2888560098.75,13.3193,13.3194,13.3193,-0.0581
2022-12-06,2887153496.38,13.2896,13.2897,13.2896,-0.0297
2022-12-07,2889124223.52,13.2741,13.2742,13.2741,-0.0155
2022-12-08,2897443801.0,13.2847,13.2848,13.2847,0.0106
2022-12-09,2905644012.02,13.2954,13.2955,13.2954,0.0107
2022-12-13,2918042933.13,13.3263,13.3264,13.3263,0.0309
2022-12-14,2942112480.97,13.3884,13.3885,13.3884,0.0621
2022-12-15,2927746662.61,13.2985,13.2986,13.2985,-0.0899
2022-12-16,2943226104.13,13.314,13.3141,13.314,0.0155
2022-12-19,2954970197.68,13.3023,13.3024,13.3023,-0.0117
2022-12-20,2945865135.07,13.2081,13.2082,13.2081,-0.0942
2022-12-21,2958886974.78,13.1976,13.1977,13.1976,-0.0105
2022-12-22,2989825084.94,13.2814,13.2815,13.2814,0.0838
2022-12-23,3004119174.16,13.2836,13.2837,13.2836,0.0022
2022-12-26,3038336057.92,13.3376,13.3377,13.3376,0.054
2022-12-27,3105906923.15,13.4933,13.4934,13.4933,0.1557
2022-12-28,3146875035.64,13.5219,13.522,13.5219,0.0286
2022-12-29,3211807074.95,13.6212,13.6213,13.6212,0.0993
2022-12-30,3243165846.78,13.5738,13.5739,13.5738,-0.0474
2023-01-03,3285741467.54,13.5782,13.5783,13.5782,0.0044
2023-01-04,3282947076.1,13.5642,13.5643,13.5642,-0.014
2023-01-05,3283429499.76,13.5656,13.5657,13.5656,0.0014
2023-01-06,3307438493.97,13.6636,13.6637,13.6636,0.098
2023-01-09,3360481706.8,13.881,13.8811,13.881,0.2174
2023-01-10,3362414677.88,13.8871,13.8872,13.8871,0.0061
2023-01-11,3339274466.03,13.7886,13.7887,13.7886,-0.0985
2023-01-12,3339331149.75,13.7859,13.786,13.7859,-0.0027
2023-01-13,3340208858.27,13.7849,13.785,13.7849,-0.001
2023-01-16,3341345865.33,13.7897,13.7898,13.7897,0.0048
2023-01-17,3339328063.99,13.7784,13.7785,13.7784,-0.0113
2023-01-18,3344135361.83,13.7998,13.7999,13.7998,0.0214
2023-01-19,3347771331.29,13.8158,13.8159,13.8158,0.016
2023-01-20,3315089045.19,13.682,13.6821,13.682,-0.1338
2023-01-23,3322473230.04,13.7101,13.7102,13.7101,0.0281
2023-01-24,3329324926.22,13.7362,13.7363,13.7362,0.0261
2023-01-25,3323473105.17,13.7117,13.7118,13.7117,-0.0245
2023-01-26,3309479951.09,13.6516,13.6517,13.6516,-0.0601
2023-01-27,3334247264.22,13.7527,13.7528,13.7527,0.1011
2023-01-30,3332120127.57,13.7411,13.7412,13.7411,-0.0116
2023-01-31,3314549895.69,13.6646,13.6647,13.6646,-0.0765
2023-02-01,3342875042.37,13.7799,13.78,13.7799,0.1153
2023-02-02,3336023551.35,13.7478,13.7479,13.7478,-0.0321
2023-02-03,3340825515.97,13.7657,13.7658,13.7657,0.0179
2023-02-06,3329083838.35,13.7197,13.7198,13.7197,-0.046
2023-02-07,3313434501.91,13.6517,13.6518,13.6517,-0.068
2023-02-08,3304184051.36,13.6128,13.6129,13.6128,-0.0389
2023-02-09,3307530851.95,13.6274,13.6275,13.6274,0.0146
2023-02-10,3303911942.23,13.6099,13.61,13.6099,-0.0175
2023-02-13,3312672672.58,13.6447,13.6448,13.6447,0.0348
2023-02-14,3303898622.33,13.6061,13.6062,13.6061,-0.0386
2023-02-15,3277584369.04,13.4956,13.4957,13.4956,-0.1105
2023-02-16,3285900551.42,13.5278,13.5279,13.5278,0.0322
2023-02-17,3277491369.83,13.4915,13.4916,13.4915,-0.0363
2023-02-20,3300353677.24,13.5833,13.5834,13.5833,0.0918
2023-02-21,3316251964.81,13.6465,13.6466,13.6465,0.0632
2023-02-22,3298918419.73,13.5737,13.5738,13.5737,-0.0728
2023-02-23,3293049250.42,13.5483,13.5484,13.5483,-0.0254
2023-02-24,3262741265.25,13.4217,13.4218,13.4217,-0.1266
2023-02-27,3245315172.92,13.3445,13.3446,13.3445,-0.0772
2023-02-28,3238050315.74,13.3081,13.3082,13.3081,-0.0364
2023-03-01,3218387986.63,13.2211,13.2212,13.2211,-0.087
2023-03-02,3203265324.82,13.1515,13.1516,13.1515,-0.0696
2023-03-03,3206439491.19,13.159,13.1591,13.159,0.0075
2023-03-07,3226693446.53,13.2373,13.2374,13.2373,0.0783
2023-03-08,3220899274.17,13.2087,13.2088,13.2087,-0.0286
2023-03-09,3231832897.86,13.2483,13.2484,13.2483,0.0396
2023-03-10,3205027207.66,13.1356,13.1357,13.1356,-0.1127
2023-03-13,3148747729.12,12.8982,12.8983,12.8982,-0.2374
2023-03-14,3062777926.85,12.5416,12.5417,12.5416,-0.3566
2023-03-15,3144937716.77,12.8603,12.8604,12.8603,0.3187
2023-03-16,3130044607.32,12.7792,12.7793,12.7792,-0.0811
2023-03-17,3150220093.29,12.8471,12.8472,12.8471,0.0679
2023-03-20,3134226161.8,12.7774,12.7775,12.7774,-0.0697
2023-03-21,3177536564.98,12.9476,12.9477,12.9476,0.1702
2023-03-22,3187972413.15,12.9867,12.9868,12.9867,0.0391
2023-03-23,3211250492.83,13.0781,13.0782,13.0781,0.0914
2023-03-24,3208310314.6,13.0638,13.0639,13.0638,-0.0143
2023-03-27,3209787487.96,13.0663,13.0664,13.0663,0.0025
2023-03-28,3251632831.84,13.2314,13.2315,13.2314,0.1651
2023-03-29,3248295607.94,13.2129,13.213,13.2129,-0.0185
2023-03-30,3221887395.66,13.1034,13.1035,13.1034,-0.1095
2023-03-31,3211083760.29,13.0564,13.0565,13.0564,-0.047
2023-04-03,3230162158.59,13.1317,13.1318,13.1317,0.0753
2023-04-04,3218637007.6,13.0805,13.0806,13.0805,-0.0512
2023-04-05,3188182520.25,12.9544,12.9545,12.9544,-0.1261
2023-04-07,3197431357.6,12.9885,12.9886,12.9885,0.0341
2023-04-10,3229768453.79,13.1164,13.1165,13.1164,0.1279
2023-04-11,3247841225.26,13.1858,13.1859,13.1858,0.0694
2023-04-12,3247013100.57,13.1796,13.1797,13.1796,-0.0062
2023-04-17,3264111592.73,13.2471,13.2472,13.2471,0.0675
2023-04-18,3255875823.51,13.2104,13.2105,13.2104,-0.0367
2023-04-19,3232811238.48,13.1139,13.114,13.1139,-0.0965
2023-04-20,3197307961.57,12.968,12.9681,12.968,-0.1459
2023-04-21,3202364783.96,12.9846,12.9847,12.9846,0.0166
2023-04-24,3196187333.45,12.9522,12.9523,12.9522,-0.0324
2023-04-25,3161689363.3,12.8081,12.8082,12.8081,-0.1441
2023-04-26,3172037190.9,12.8401,12.8402,12.8401,0.032
2023-04-27,3181167040.56,12.8695,12.8696,12.8695,0.0294
2023-04-28,3187029078.17,12.8839,12.884,12.8839,0.0144
2023-05-02,3180427020.37,12.848,12.8481,12.848,-0.0359
2023-05-03,3197171254.27,12.9073,12.9074,12.9073,0.0593
2023-05-08,3255491768.77,13.134,13.1341,13.134,0.2267
2023-05-09,3272501703.44,13.1983,13.1984,13.1983,0.0643
2023-05-10,3290311937.82,13.2688,13.2689,13.2688,0.0705
2023-05-11,3276189389.0,13.2103,13.2104,13.2103,-0.0585
2023-05-12,3265174742.26,13.1634,13.1635,13.1634,-0.0469
2023-05-15,3212316159.45,12.9419,12.942,12.9419,-0.2215
2023-05-16,3209371382.78,12.9197,12.9198,12.9197,-0.0222
2023-05-17,3177732592.35,12.7861,12.7862,12.7861,-0.1336
2023-05-18,3182564908.69,12.7944,12.7945,12.7944,0.0083
2023-05-19,3152498603.63,12.6685,12.6686,12.6685,-0.1259
2023-05-22,3172640408.61,12.7374,12.7375,12.7374,0.0689
2023-05-23,3194910217.96,12.8116,12.8117,12.8116,0.0742
2023-05-24,3202423702.12,12.8361,12.8362,12.8361,0.0245
2023-05-25,3191280155.62,12.7889,12.789,12.7889,-0.0472
2023-05-26,3183046896.53,12.7495,12.7496,12.7495,-0.0394
2023-05-29,3205640313.9,12.8336,12.8337,12.8336,0.0841
2023-05-30,3206505868.08,12.8301,12.8302,12.8301,-0.0035
2023-05-31,3200974736.93,12.8066,12.8067,12.8066,-0.0235
2023-06-01,3178185985.92,12.7115,12.7116,12.7115,-0.0951
2023-06-02,3195618805.03,12.7749,12.775,12.7749,0.0634
2023-06-06,3179129932.48,12.7048,12.7049,12.7048,-0.0701
2023-06-07,3183320278.06,12.7176,12.7177,12.7176,0.0128
2023-06-08,3230981912.91,12.9055,12.9056,12.9055,0.1879
2023-06-09,3232639298.51,12.9115,12.9116,12.9115,0.006
2023-06-12,3222138155.65,12.8658,12.8659,12.8658,-0.0457
2023-06-13,3238317868.22,12.9287,12.9288,12.9287,0.0629
2023-06-14,3230977669.65,12.8996,12.8997,12.8996,-0.0291
2023-06-15,3204377605.57,12.7915,12.7916,12.7915,-0.1081
2023-06-16,3201130351.46,12.7757,12.7758,12.7757,-0.0158
2023-06-19,3189618730.15,12.725,12.7251,12.725,-0.0507
2023-06-20,3193218936.01,12.737,12.7371,12.737,0.012
2023-06-21,3168516700.85,12.6347,12.6348,12.6347,-0.1023
2023-06-22,3140578307.6,12.5189,12.519,12.5189,-0.1158
2023-06-23,3131491947.49,12.4748,12.4749,12.4748,-0.0441
2023-06-26,3112762820.79,12.3873,12.3874,12.3873,-0.0875
2023-06-27,3101769145.75,12.3224,12.3225,12.3224,-0.0649
2023-06-28,3082560015.65,12.2347,12.2348,12.2347,-0.0877
2023-06-29,3106586611.28,12.3184,12.3185,12.3184,0.0837
2023-06-30,3156049471.99,12.5071,12.5072,12.5071,0.1887
2023-07-03,3164418257.85,12.5321,12.5322,12.5321,0.025
2023-07-04,3182090440.84,12.5935,12.5936,12.5935,0.0614
2023-07-05,3168169989.52,12.5355,12.5356,12.5355,-0.058
2023-07-06,3123770370.65,12.3564,12.3565,12.3564,-0.1791
2023-07-07,3116629779.21,12.3219,12.322,12.3219,-0.0345
2023-07-10,3126998332.24,12.359,12.3591,12.359,0.0371
2023-07-11,3128173543.94,12.3586,12.3587,12.3586,-0.0004
2023-07-12,3119444295.24,12.3216,12.3217,12.3216,-0.037
2023-07-13,3120473186.29,12.3225,12.3226,12.3225,0.0009
2023-07-14,3161897444.63,12.4834,12.4835,12.4834,0.1609
2023-07-17,3187726100.73,12.5834,12.5835,12.5834,0.1
2023-07-18,3196670012.4,12.6165,12.6166,12.6165,0.0331
2023-07-19,3201775346.34,12.6355,12.6356,12.6355,0.019
2023-07-20,3167662373.06,12.4995,12.4996,12.4995,-0.136
2023-07-21,3180478373.06,12.5475,12.5476,12.5475,0.048
2023-07-24,3157827082.41,12.4565,12.4566,12.4565,-0.091
2023-07-25,3163320818.92,12.4774,12.4775,12.4774,0.0209
2023-07-26,3160692081.8,12.4635,12.4636,12.4635,-0.0139
2023-07-27,3197210207.81,12.6049,12.605,12.6049,0.1414
2023-07-31,3214207898.47,12.6695,12.6696,12.6695,0.0646
2023-08-02,3203600018.59,12.6205,12.6206,12.6205,-0.049
2023-08-03,3161464623.52,12.451,12.4511,12.451,-0.1695
2023-08-04,3165032533.6,12.4608,12.4609,12.4608,0.0098
2023-08-07,3169954076.21,12.4767,12.4768,12.4767,0.0159
2023-08-08,3140721129.39,12.3592,12.3593,12.3592,-0.1175
2023-08-09,3188129360.77,12.5438,12.5439,12.5438,0.1846
2023-08-10,3210901575.53,12.6302,12.6303,12.6302,0.0864
2023-08-11,3217596526.73,12.6538,12.6539,12.6538,0.0236
2023-08-15,3201231064.67,12.5863,12.5864,12.5863,-0.0675
2023-08-16,3198056621.26,12.5676,12.5677,12.5676,-0.0187
2023-08-17,3214028789.71,12.6262,12.6263,12.6262,0.0586
2023-08-18,3208787856.25,12.6055,12.6056,12.6055,-0.0207
2023-08-21,3225816743.9,12.6696,12.6697,12.6696,0.0641
2023-08-22,3258084574.71,12.7961,12.7962,12.7961,0.1265
2023-08-23,3270865161.77,12.8441,12.8442,12.8441,0.048
2023-08-24,3264515465.38,12.816,12.8161,12.816,-0.0281
2023-08-25,3277366966.36,12.864,12.8641,12.864,0.048
2023-08-28,3279072922.95,12.867,12.8671,12.867,0.003
2023-08-29,3288414617.18,12.8948,12.8949,12.8948,0.0278
2023-08-30,3308104252.34,12.9708,12.9709,12.9708,0.076
2023-08-31,3283004839.93,12.8686,12.8687,12.8686,-0.1022
2023-09-01,3273671424.74,12.8259,12.826,12.8259,-0.0427
2023-09-04,3247893338.53,12.722,12.7221,12.722,-0.1039
2023-09-05,3243558103.75,12.7002,12.7003,12.7002,-0.0218
2023-09-06,3255889766.3,12.74,12.7401,12.74,0.0398
2023-09-07,3261945208.44,12.7625,12.7626,12.7625,0.0225
2023-09-08,3257931203.99,12.7451,12.7452,12.7451,-0.0174
2023-09-11,3253030957.85,12.7218,12.7219,12.7218,-0.0233
2023-09-12,3258394727.65,12.7408,12.7409,12.7408,0.019
2023-09-13,3249348191.72,12.7038,12.7039,12.7038,-0.037
2023-09-14,3263223374.39,12.7553,12.7554,12.7553,0.0515
2023-09-15,3252299751.55,12.7096,12.7097,12.7096,-0.0457
2023-09-18,3230792252.94,12.6231,12.6232,12.6231,-0.0865
2023-09-19,3221959703.78,12.5851,12.5852,12.5851,-0.038
2023-09-20,3193310477.65,12.4675,12.4676,12.4675,-0.1176
2023-09-21,3208014685.96,12.5168,12.5169,12.5168,0.0493
2023-09-22,3219417962.3,12.556,12.5561,12.556,0.0392
2023-09-25,3199528730.56,12.4764,12.4765,12.4764,-0.0796
2023-09-26,3177339098.98,12.3854,12.3855,12.3854,-0.091
2023-09-27,3191638963.16,12.4336,12.4337,12.4336,0.0482
2023-09-28,3167384702.15,12.3272,12.3273,12.3272,-0.1064
2023-09-29,3187552715.46,12.3968,12.3969,12.3968,0.0696
2023-10-02,3178503941.3,12.3477,12.3478,12.3477,-0.0491
2023-10-03,3149980375.37,12.2251,12.2252,12.2251,-0.1226
2023-10-04,3175130147.77,12.2921,12.2922,12.2921,0.067
2023-10-05,3171651481.6,12.2686,12.2687,12.2686,-0.0235
2023-10-06,3152487726.05,12.1858,12.1859,12.1858,-0.0828
2023-10-09,3147524046.02,12.1602,12.1603,12.1602,-0.0256
2023-10-10,3147477798.51,12.152,12.1521,12.152,-0.0082
2023-10-11,3183505605.33,12.2844,12.2845,12.2844,0.1324
2023-10-12,3180026925.19,12.2661,12.2662,12.2661,-0.0183
2023-10-16,3136890560.86,12.094,12.0941,12.094,-0.1721
2023-10-17,3152798716.37,12.1369,12.137,12.1369,0.0429
2023-10-18,3169695255.79,12.1991,12.1992,12.1991,0.0622
2023-10-19,3144666248.67,12.0937,12.0938,12.0937,-0.1054
2023-10-20,3108507344.93,11.9492,11.9493,11.9492,-0.1445
2023-10-24,3084515337.04,11.8444,11.8445,11.8444,-0.1048
2023-10-25,3109453082.69,11.9301,11.9302,11.9301,0.0857
2023-10-26,3066731431.81,11.7582,11.7583,11.7582,-0.1719
2023-10-27,3098056983.54,11.8644,11.8645,11.8644,0.1062
2023-10-30,3114860834.8,11.9128,11.9129,11.9128,0.0484
2023-10-31,3091124572.09,11.8144,11.8145,11.8144,-0.0984
2023-11-01,3080716445.21,11.7663,11.7664,11.7663,-0.0481
2023-11-02,3121203209.77,11.9151,11.9152,11.9151,0.1488
2023-11-03,3152747577.25,12.0306,12.0307,12.0306,0.1155
2023-11-06,3146652790.92,11.9999,12.0,11.9999,-0.0307
2023-11-07,3131738682.65,11.9358,11.9359,11.9358,-0.0641
2023-11-08,3139982748.17,11.9615,11.9616,11.9615,0.0257
2023-11-09,3126884420.63,11.9064,11.9065,11.9064,-0.0551
2023-11-10,3112913634.22,11.8432,11.8433,11.8432,-0.0632
2023-11-13,3103953453.84,11.8009,11.801,11.8009,-0.0423
2023-11-14,3109555886.45,11.8118,11.8119,11.8118,0.0109
2023-11-15,3159620292.39,11.9966,11.9967,11.9966,0.1848
2023-11-16,3160090731.13,11.9935,11.9936,11.9935,-0.0031
2023-11-17,3161159405.37,11.9932,11.9933,11.9932,-0.0003
2023-11-20,3162246711.21,11.9937,11.9938,11.9937,0.0005
2023-11-21,3168684599.97,12.0142,12.0143,12.0142,0.0205
2023-11-22,3160266445.11,11.9772,11.9773,11.9772,-0.037
2023-11-23,3146582165.09,11.9211,11.9212,11.9211,-0.0561
2023-11-24,3132833514.68,11.8632,11.8633,11.8632,-0.0579
2023-11-27,3123358958.14,11.8197,11.8198,11.8197,-0.0435
2023-11-28,3137147750.03,11.8608,11.8609,11.8608,0.0411
2023-11-29,3112294102.77,11.7632,11.7633,11.7632,-0.0976
2023-11-30,3101360470.2,11.7143,11.7144,11.7143,-0.0489
2023-12-01,3106430534.9,11.7233,11.7234,11.7233,0.009
2023-12-04,3112872759.18,11.7359,11.736,11.7359,0.0126
2023-12-06,3124338397.4,11.7707,11.7708,11.7707,0.0348
2023-12-07,3107931860.26,11.7007,11.7008,11.7007,-0.07
2023-12-08,3104362512.46,11.6772,11.6773,11.6772,-0.0235
2023-12-12,3098338224.63,11.6371,11.6372,11.6371,-0.0401
2023-12-13,3074745488.22,11.527,11.5271,11.527,-0.1101
2023-12-14,3111728391.0,11.649,11.6491,11.649,0.122
2023-12-15,3148561935.16,11.7683,11.7684,11.7683,0.1193
2023-12-18,3150685244.49,11.7582,11.7583,11.7582,-0.0101
2023-12-19,3153687268.07,11.754,11.7541,11.754,-0.0042
2023-12-20,3171505506.02,11.8047,11.8048,11.8047,0.0507
2023-12-21,3181124950.04,11.8233,11.8234,11.8233,0.0186
2023-12-22,3188483872.69,11.8261,11.8262,11.8261,0.0028
2023-12-25,3197819437.66,11.8337,11.8338,11.8337,0.0076
2023-12-26,3223826376.41,11.8738,11.8739,11.8738,0.0401
2023-12-27,3238963261.46,11.8634,11.8635,11.8634,-0.0104
2023-12-28,3281506641.21,11.9386,11.9387,11.9386,0.0752
2024-01-02,3332777392.75,12.0043,12.0044,12.0043,0.0657
2024-01-03,3320361604.41,11.9576,11.9577,11.9576,-0.0467
2024-01-04,3334541655.98,12.0064,12.0065,12.0064,0.0488
2024-01-05,3325016881.65,11.9715,11.9716,11.9715,-0.0349
2024-01-08,3305394992.05,11.8994,11.8995,11.8994,-0.0721
2024-01-09,3298633730.49,11.8723,11.8724,11.8723,-0.0271
2024-01-10,3296774220.2,11.8637,11.8638,11.8637,-0.0086
2024-01-11,3286348859.62,11.824,11.8241,11.824,-0.0397
2024-01-12,3296799116.5,11.8601,11.8602,11.8601,0.0361
2024-01-15,3276747868.52,11.788,11.7881,11.788,-0.0721
2024-01-16,3270715094.17,11.7645,11.7646,11.7645,-0.0235
2024-01-17,3229723907.35,11.6163,11.6164,11.6163,-0.1482
2024-01-18,3220620321.77,11.5824,11.5825,11.5824,-0.0339
2024-01-19,3232143720.99,11.6223,11.6224,11.6223,0.0399
2024-01-22,3207025118.11,11.5315,11.5316,11.5315,-0.0908
2024-01-23,3188287487.47,11.4621,11.4622,11.4621,-0.0694
2024-01-24,3237425639.42,11.6377,11.6378,11.6377,0.1756
2024-01-25,3234544364.57,11.6277,11.6278,11.6277,-0.01
2024-01-26,3211601052.94,11.5439,11.544,11.5439,-0.0838
2024-01-29,3238283846.77,11.6365,11.6366,11.6365,0.0926
2024-01-30,3220624145.11,11.5712,11.5713,11.5712,-0.0653
2024-01-31,3207540788.92,11.5238,11.5239,11.5238,-0.0474
2024-02-01,3213970651.65,11.5447,11.5448,11.5447,0.0209
2024-02-02,3246467703.04,11.6601,11.6602,11.6601,0.1154
2024-02-05,3246068114.34,11.657,11.6571,11.657,-0.0031
2024-02-06,3268969837.69,11.7377,11.7378,11.7377,0.0807
2024-02-07,3281295438.57,11.7814,11.7815,11.7814,0.0437
2024-02-08,3258531867.29,11.7,11.7001,11.7,-0.0814
2024-02-09,3255498240.3,11.6895,11.6896,11.6895,-0.0105
2024-02-12,3252977158.4,11.6798,11.6799,11.6798,-0.0097
2024-02-13,3251700238.07,11.6739,11.674,11.6739,-0.0059
2024-02-14,3250520543.09,11.6695,11.6696,11.6695,-0.0044
2024-02-15,3249409291.37,11.6649,11.665,11.6649,-0.0046
2024-02-16,3264476840.04,11.7193,11.7194,11.7193,0.0544
2024-02-19,3271127105.81,11.7434,11.7435,11.7434,0.0241
2024-02-20,3275009870.44,11.7583,11.7584,11.7583,0.0149
2024-02-21,3310533088.94,11.887,11.8871,11.887,0.1287
2024-02-22,3325916383.95,11.9434,11.9435,11.9434,0.0564
2024-02-23,3323547433.06,11.9336,11.9337,11.9336,-0.0098
2024-02-27,3324201298.72,11.9366,11.9367,11.9366,0.003
2024-02-28,3311341238.31,11.8873,11.8874,11.8873,-0.0493
2024-02-29,3290145004.86,11.8092,11.8093,11.8092,-0.0781
2024-03-01,3293318995.21,11.8168,11.8169,11.8168,0.0076
2024-03-04,3286921241.78,11.7928,11.7929,11.7928,-0.024
2024-03-05,3290045572.8,11.8025,11.8026,11.8025,0.0097
2024-03-06,3308474642.73,11.8685,11.8686,11.8685,0.066
2024-03-07,3315764018.11,11.8958,11.8959,11.8958,0.0273
2024-03-08,3338537348.3,11.9756,11.9757,11.9756,0.0798
2024-03-11,3318777250.9,11.9047,11.9048,11.9047,-0.0709
2024-03-12,3317694296.96,11.8994,11.8995,11.8994,-0.0053
2024-03-13,3330786092.18,11.9507,11.9508,11.9507,0.0513
2024-03-14,3357878723.12,12.0475,12.0476,12.0475,0.0968
2024-03-15,3343645830.1,11.996,11.9961,11.996,-0.0515
2024-03-18,3338967289.5,11.9792,11.9793,11.9792,-0.0168
2024-03-19,3339542976.21,11.9811,11.9812,11.9811,0.0019
2024-03-20,3317004263.52,11.9012,11.9013,11.9012,-0.0799
2024-03-21,3330798783.4,11.9497,11.9498,11.9497,0.0485
2024-03-22,3314658155.58,11.8908,11.8909,11.8908,-0.0589
2024-03-25,3291132128.6,11.8065,11.8066,11.8065,-0.0843
2024-03-26,3296137132.06,11.8229,11.823,11.8229,0.0164
2024-03-27,3307245957.17,11.862,11.8621,11.862,0.0391
2024-03-28,3289117912.98,11.7963,11.7964,11.7963,-0.0657
2024-03-29,3303768032.11,11.8463,11.8464,11.8463,0.05
2024-04-01,3304687842.17,11.8477,11.8478,11.8477,0.0014
2024-04-02,3301555548.44,11.8391,11.8392,11.8391,-0.0086
2024-04-03,3301368762.24,11.837,11.8371,11.837,-0.0021
2024-04-04,3301661661.99,11.8388,11.8389,11.8388,0.0018
2024-04-05,3312460927.99,11.8767,11.8768,11.8767,0.0379
2024-04-09,3363792417.53,12.0596,12.0597,12.0596,0.1829
2024-04-10,3371598443.04,12.087,12.0871,12.087,0.0274
2024-04-11,3348563463.61,12.0044,12.0045,12.0044,-0.0826
2024-04-17,3298134591.82,11.823,11.8231,11.823,-0.1814
2024-04-18,3282192959.34,11.7605,11.7606,11.7605,-0.0625
2024-04-19,3225905394.95,11.557,11.5571,11.557,-0.2035
2024-04-22,3269354188.64,11.705,11.7051,11.705,0.148
2024-04-23,3284843927.55,11.7574,11.7575,11.7574,0.0524
2024-04-24,3292667964.97,11.7816,11.7817,11.7816,0.0242
2024-04-25,3302875836.71,11.8173,11.8174,11.8173,0.0357
2024-04-26,3284293492.73,11.749,11.7491,11.749,-0.0683
2024-04-29,3294124346.05,11.7822,11.7823,11.7822,0.0332
2024-04-30,3309369461.17,11.8364,11.8365,11.8364,0.0542
2024-05-02,3301183908.92,11.8071,11.8072,11.8071,-0.0293
2024-05-03,3314131858.25,11.851,11.8511,11.851,0.0439
2024-05-07,3332197715.31,11.9156,11.9157,11.9156,0.0646
2024-05-08,3322215886.32,11.8792,11.8793,11.8792,-0.0364
2024-05-09,3331756131.77,11.9133,11.9134,11.9133,0.0341
2024-05-10,3338628213.84,11.9377,11.9378,11.9377,0.0244
2024-05-13,3346268143.66,11.9648,11.9649,11.9648,0.0271
2024-05-14,3355128651.25,11.9966,11.9967,11.9966,0.0318
2024-05-15,3337972546.27,11.9348,11.9349,11.9348,-0.0618
2024-05-16,3350420530.98,11.9771,11.9772,11.9771,0.0423
2024-05-17,3362936022.79,12.0214,12.0215,12.0214,0.0443
2024-05-20,3352962190.72,11.9843,11.9844,11.9843,-0.0371
2024-05-21,3333620076.14,11.9167,11.9168,11.9167,-0.0676
2024-05-23,3323255899.96,11.8796,11.8797,11.8796,-0.0371
2024-05-24,3321513713.46,11.8732,11.8733,11.8732,-0.0064
2024-05-27,3325081443.2,11.8855,11.8856,11.8855,0.0123
2024-05-28,3313678767.0,11.844,11.8441,11.844,-0.0415
2024-05-29,3278176532.16,11.7156,11.7157,11.7156,-0.1284
2024-05-30,3277968048.17,11.7162,11.7163,11.7162,0.0006
2024-05-31,3267699837.59,11.6757,11.6758,11.6757,-0.0405
2024-06-04,3246617847.73,11.5988,11.5989,11.5988,-0.0769
2024-06-05,3251779480.19,11.6149,11.615,11.6149,0.0161
2024-06-06,3231015963.55,11.537,11.5371,11.537,-0.0779
2024-06-07,3244245731.76,11.5811,11.5812,11.5811,0.0441
2024-06-10,3220510451.64,11.4952,11.4953,11.4952,-0.0859
2024-06-11,3211131900.91,11.4533,11.4534,11.4533,-0.0419
2024-06-12,3213059379.43,11.4577,11.4578,11.4577,0.0044
2024-06-13,3201931160.44,11.4158,11.4159,11.4158,-0.0419
2024-06-14,3189287130.13,11.371,11.3711,11.371,-0.0448
2024-06-17,3169264984.99,11.2963,11.2964,11.2963,-0.0747
2024-06-18,3165889753.36,11.2804,11.2805,11.2804,-0.0159
2024-06-19,3180395656.72,11.3283,11.3284,11.3283,0.0479
2024-06-20,3163415013.21,11.2683,11.2684,11.2683,-0.06
2024-06-21,3179190948.49,11.3213,11.3214,11.3213,0.053
2024-06-24,3199468056.96,11.3928,11.3929,11.3928,0.0715
2024-06-25,3205100320.28,11.4102,11.4103,11.4102,0.0174
2024-06-26,3204404897.14,11.405,11.4051,11.405,-0.0052
2024-06-27,3182648324.83,11.3278,11.3279,11.3278,-0.0772
2024-06-28,3165107198.85,11.2646,11.2647,11.2646,-0.0632
2024-07-01,3160926602.69,11.2492,11.2493,11.2492,-0.0154
2024-07-02,3136870610.63,11.16,11.1601,11.16,-0.0892
2024-07-03,3149718078.84,11.2035,11.2036,11.2035,0.0435
2024-07-04,3160950139.88,11.244,11.2441,11.244,0.0405
2024-07-05,3183171216.01,11.3233,11.3234,11.3233,0.0793
2024-07-08,3197841428.8,11.3753,11.3754,11.3753,0.052
2024-07-09,3196115479.01,11.3697,11.3698,11.3697,-0.0056
2024-07-10,3206126301.45,11.4058,11.4059,11.4058,0.0361
2024-07-11,3216955689.34,11.4437,11.4438,11.4437,0.0379
2024-07-12,3222517234.38,11.4631,11.4632,11.4631,0.0194
2024-07-15,3219591978.41,11.4541,11.4542,11.4541,-0.009
2024-07-16,3204723098.59,11.4015,11.4016,11.4015,-0.0526
2024-07-17,3212709045.27,11.428,11.4281,11.428,0.0265
2024-07-18,3231958270.28,11.4955,11.4956,11.4955,0.0675
2024-07-19,3213357133.06,11.4313,11.4314,11.4313,-0.0642
2024-07-23,3185997094.43,11.3346,11.3347,11.3346,-0.0967
2024-07-24,3171257859.24,11.2816,11.2817,11.2816,-0.053
2024-07-25,3167574697.53,11.2678,11.2679,11.2678,-0.0138
2024-07-26,3200634017.53,11.3845,11.3846,11.3845,0.1167
2024-07-30,3193728610.5,11.3587,11.3588,11.3587,-0.0258
2024-07-31,3227363780.68,11.4777,11.4778,11.4777,0.119
2024-08-01,3232881577.46,11.4974,11.4975,11.4974,0.0197
2024-08-02,3214364197.13,11.4304,11.4305,11.4304,-0.067
2024-08-05,3136857209.54,11.1535,11.1536,11.1535,-0.2769
2024-08-06,3131687661.34,11.1331,11.1332,11.1331,-0.0204
2024-08-07,3165389992.01,11.2507,11.2508,11.2507,0.1176
2024-08-08,3175706718.51,11.2857,11.2858,11.2857,0.035
2024-08-09,3186794653.2,11.3245,11.3246,11.3245,0.0388
2024-08-13,3186953163.22,11.3239,11.324,11.3239,-0.0006
2024-08-14,3158858985.59,11.2245,11.2246,11.2245,-0.0994
2024-08-15,3145688297.88,11.176,11.1761,11.176,-0.0485
2024-08-16,3179092902.49,11.2932,11.2933,11.2932,0.1172
2024-08-19,3231908380.1,11.4801,11.4802,11.4801,0.1869
2024-08-20,3246038334.18,11.5296,11.5297,11.5296,0.0495
2024-08-21,3272359618.17,11.6247,11.6248,11.6247,0.0951
2024-08-22,3273671540.15,11.6284,11.6285,11.6284,0.0037
2024-08-23,3309731330.01,11.7558,11.7559,11.7558,0.1274
2024-08-26,3335104753.49,11.8447,11.8448,11.8447,0.0889
2024-08-27,3329436704.07,11.8243,11.8244,11.8243,-0.0204
2024-08-28,3339808654.11,11.8613,11.8614,11.8613,0.037
2024-08-29,3318146619.92,11.7842,11.7843,11.7842,-0.0771
2024-08-30,3320483671.84,11.7912,11.7913,11.7912,0.007
2024-09-02,3305623821.53,11.7366,11.7367,11.7366,-0.0546
2024-09-03,3332943496.87,11.8333,11.8334,11.8333,0.0967
2024-09-04,3331426755.44,11.8277,11.8278,11.8277,-0.0056
2024-09-05,3441208971.0,12.2173,12.2174,12.2173,0.3896
2024-09-06,3510816398.0,12.4638,12.4639,12.4638,0.2465
2024-09-09,3514021042.54,12.4782,12.4783,12.4782,0.0144
2024-09-10,3506666924.82,12.4531,12.4532,12.4531,-0.0251
2024-09-11,3473296034.08,12.3348,12.3349,12.3348,-0.1183
2024-09-12,3491052477.63,12.3949,12.395,12.3949,0.0601
2024-09-13,3495762888.39,12.4076,12.4077,12.4076,0.0127
2024-09-16,3522427537.52,12.4968,12.4969,12.4968,0.0892
2024-09-17,3528972951.2,12.5161,12.5162,12.5161,0.0193
2024-09-18,3522467169.87,12.492,12.4921,12.492,-0.0241
2024-09-19,3558584232.4,12.6164,12.6165,12.6164,0.1244
2024-09-20,3545685039.45,12.5695,12.5696,12.5695,-0.0469
2024-09-23,3542603798.38,12.5624,12.5625,12.5624,-0.0071
2024-09-24,3577493706.51,12.6857,12.6858,12.6857,0.1233
2024-09-25,3576825536.55,12.6812,12.6813,12.6812,-0.0045
2024-09-26,3573644233.16,12.6677,12.6678,12.6677,-0.0135
2024-09-27,3561216994.95,12.6224,12.6225,12.6224,-0.0453
2024-09-30,3559210487.64,12.614,12.6141,12.614,-0.0084
2024-10-01,3595907531.61,12.7427,12.7428,12.7427,0.1287
2024-10-02,3567057050.02,12.6388,12.6389,12.6388,-0.1039
2024-10-03,3550561221.49,12.5815,12.5816,12.5815,-0.0573
2024-10-04,3559815005.94,12.6126,12.6127,12.6126,0.0311
2024-10-07,3583224973.35,12.6948,12.6949,12.6948,0.0822
2024-10-08,3584403725.7,12.6982,12.6983,12.6982,0.0034
2024-10-09,3597871127.93,12.7453,12.7454,12.7453,0.0471
2024-10-10,3618678211.28,12.8187,12.8188,12.8187,0.0734
2024-10-11,3626628305.14,12.8479,12.848,12.8479,0.0292
2024-10-15,3613378968.52,12.8064,12.8065,12.8064,-0.0415
2024-10-16,3646282727.48,12.9198,12.9199,12.9198,0.1134
2024-10-17,3684477682.55,13.0564,13.0565,13.0564,0.1366
2024-10-18,3668786228.5,13.0,13.0001,13.0,-0.0564
2024-10-21,3664292701.52,12.9842,12.9843,12.9842,-0.0158
2024-10-22,3615069317.53,12.8094,12.8095,12.8094,-0.1748
2024-10-24,3585194693.28,12.7034,12.7035,12.7034,-0.106
2024-10-25,3596025864.72,12.742,12.7421,12.742,0.0386
2024-10-28,3571095517.61,12.6505,12.6506,12.6505,-0.0915
2024-10-29,3569201699.52,12.642,12.6421,12.642,-0.0085
2024-10-30,3553630013.8,12.5835,12.5836,12.5835,-0.0585
2024-10-31,3597446381.2,12.7376,12.7377,12.7376,0.1541
2024-11-01,3597109154.42,12.7348,12.7349,12.7348,-0.0028
2024-11-04,3596308347.95,12.728,12.7281,12.728,-0.0068
2024-11-05,3634873339.0,12.8631,12.8632,12.8631,0.1351
2024-11-06,3595556264.43,12.7224,12.7225,12.7224,-0.1407
2024-11-07,3600668615.4,12.7395,12.7396,12.7395,0.0171
2024-11-08,3589671893.52,12.6979,12.698,12.6979,-0.0416
2024-11-11,3567180566.64,12.6174,12.6175,12.6174,-0.0805
2024-11-12,3541655283.24,12.525,12.5251,12.525,-0.0924
2024-11-13,3547708718.14,12.5435,12.5436,12.5435,0.0185
2024-11-14,3524504172.32,12.4589,12.459,12.4589,-0.0846
2024-11-15,3506720954.96,12.3942,12.3943,12.3942,-0.0647
2024-11-18,3530579087.63,12.4778,12.4779,12.4778,0.0836
2024-11-19,3544607606.27,12.5258,12.5259,12.5258,0.048
2024-11-20,3543252889.49,12.5205,12.5206,12.5205,-0.0053
2024-11-21,3521268356.28,12.4395,12.4396,12.4395,-0.081
2024-11-22,3537722021.98,12.4947,12.4948,12.4947,0.0552
2024-11-25,3528541495.15,12.4607,12.4608,12.4607,-0.034
2024-11-26,3505553806.15,12.3774,12.3775,12.3774,-0.0833
2024-11-27,3484025288.56,12.2982,12.2983,12.2982,-0.0792
2024-11-28,3482235891.14,12.2873,12.2874,12.2873,-0.0109
2024-11-29,3477484591.38,12.2684,12.2685,12.2684,-0.0189
2024-12-02,3507667175.23,12.3722,12.3723,12.3722,0.1038
2024-12-03,3565080861.38,12.572,12.5721,12.572,0.1998
2024-12-04,3555897224.31,12.5358,12.5359,12.5358,-0.0362
2024-12-06,3559100882.62,12.5422,12.5423,12.5422,0.0064
2024-12-09,3551582871.0,12.5114,12.5115,12.5114,-0.0308
2024-12-11,3541366061.62,12.4683,12.4684,12.4683,-0.0431
2024-12-12,3531075691.46,12.4228,12.4229,12.4228,-0.0455
2024-12-13,3511250036.07,12.3466,12.3467,12.3466,-0.0762
2024-12-16,3468844879.21,12.1891,12.1892,12.1891,-0.1575
2024-12-17,3402582135.0,11.9477,11.9478,11.9477,-0.2414
2024-12-18,3412925350.31,11.979,11.9791,11.979,0.0313
2024-12-19,3353224040.6,11.7685,11.7686,11.7685,-0.2105
2024-12-20,3332641565.99,11.6881,11.6882,11.6881,-0.0804
2024-12-23,3395612540.52,11.8997,11.8998,11.8997,0.2116
2024-12-24,3417408059.85,11.9656,11.9657,11.9656,0.0659
2024-12-25,3429515620.08,11.9889,11.989,11.9889,0.0233
2024-12-26,3429977541.04,11.9686,11.9687,11.9686,-0.0203
2024-12-27,3439306177.71,11.986,11.9861,11.986,0.0174
2024-12-30,3439140376.53,11.9598,11.9599,11.9598,-0.0262
2025-01-02,3406563888.66,11.8236,11.8237,11.8236,-0.1362
2025-01-03,3419085508.42,11.8721,11.8722,11.8721,0.0485
2025-01-06,3389143220.95,11.7724,11.7725,11.7724,-0.0997
2025-01-07,3432383723.48,11.9226,11.9227,11.9226,0.1502
2025-01-08,3426351571.43,11.9047,11.9048,11.9047,-0.0179
2025-01-09,3372892945.29,11.7194,11.7195,11.7194,-0.1853
2025-01-10,3382558594.81,11.7539,11.754,11.7539,0.0345
2025-01-13,3357728829.71,11.6706,11.6707,11.6706,-0.0833
2025-01-14,3327232537.23,11.5713,11.5714,11.5713,-0.0993
2025-01-15,3377419387.33,11.7473,11.7474,11.7473,0.176
